"0","##Presence-absence"
"0","MuMIn::r.squaredGLMM(ModelSelected_pres_abs_glmm)"
"2","G2;H2;Avis h: the null model is only correct if all the variables it uses are identical 
to those used in fitting the original model.g
"
"1","                   R2m        R2c
theoretical 0.08037417 0.09672352
delta       0.05923110 0.07127962
"
"0","#R2m = part de la varaince expliqu√©e par les effets fixes "
"0","#R2c = part de la variance expliqu√©e par effets fixes + al√©atoires"
"0","#Donne % de la variance expliqu√©e par le mod√®le"
"0",""
"0","#### AVEC MODELE COMPLET"
"0","#MuMIn::r.squaredGLMM(glmm_pres_abs)"
